name,2010,2011,2012,2013,2014,2015,2016,2017,2018,pop2019
Abbeville  ,"2,982","2,951","2,932","2,933","2,862","2,929","2,767","2,783","2,800","2,684"
Acworth  ,"20,553","20,774","21,251","21,517","21,851","22,104","22,495","22,637","22,633","22,818"
Adairsville  ,"4,657","4,665","4,670","4,703","4,719","4,745","4,792","4,859","4,924","4,963"
Adel  ,"5,333","5,294","5,236","5,260","5,323","5,246","5,284","5,305","5,283","5,336"
Adrian  ,666,663,669,668,663,656,650,646,673,668
Ailey  ,553,548,551,543,540,536,538,536,537,536
Alamo  ,"3,137","3,478","3,380","3,384","3,399","3,331","3,397","3,372","3,326","3,317"
Alapaha  ,670,670,659,660,653,658,660,664,670,675
Albany  ,"77,420","77,893","77,537","76,416","75,940","74,891","73,957","73,252","73,219","72,130"
Aldora  ,103,102,102,102,103,103,104,105,109,109
Allenhurst  ,730,759,760,740,751,716,714,713,709,716
Allen  ,170,168,167,164,164,159,158,157,157,154
Alma  ,"3,469","3,502","3,481","3,469","3,451","3,471","3,473","3,440","3,405","3,380"
Alpharetta  ,"57,691","59,141","61,577","61,937","62,693","63,337","65,411","65,734","66,257","67,213"
Alston  ,161,159,158,158,157,156,156,156,157,159
Alto  ,"1,184","1,175","1,171","1,175","1,177","1,177","1,179","1,189","1,196","1,198"
Ambrose  ,375,372,374,377,374,377,375,377,377,379
Americus  ,"17,019","16,659","16,374","16,215","16,155","15,859","15,703","15,431","15,356","15,108"
Andersonville  ,243,239,235,234,231,228,226,224,224,221
Arabi  ,586,594,589,584,576,571,570,568,568,564
Aragon  ,"1,268","1,257","1,249","1,248","1,239","1,245","1,243","1,244","1,287","1,336"
Arcade  ,"1,806","1,809","1,801","1,810","1,823","1,846","1,868","1,894","1,930","1,972"
Argyle  ,211,209,209,212,213,213,211,209,208,208
Arlington  ,"1,475","1,453","1,438","1,434","1,412","1,417","1,385","1,378","1,364","1,326"
Arnoldsville  ,356,352,348,346,347,353,353,357,362,366
Ashburn  ,"4,136","4,135","3,914","3,805","3,733","3,688","3,672","3,671","3,671","3,704"
Athens-Clarke County unified government (balance) ,"116,102","116,928","118,584","119,566","119,059","122,213","123,523","125,409","125,857","126,913"
Atlanta  ,"429,410","437,812","449,016","453,990","461,154","468,303","479,174","491,670","498,183","506,811"
Attapulgus  ,448,446,442,442,437,434,431,430,429,425
Auburn  ,"7,059","7,060","7,063","7,130","7,196","7,459","7,561","7,626","7,638","7,660"
Augusta-Richmond County consolidated government (balance) ,"196,375","195,847","196,989","196,602","196,579","196,763","197,276","197,018","197,025","197,888"
Austell  ,"6,534","6,599","6,648","6,701","6,842","6,993","7,046","7,060","7,078","7,170"
Avalon  ,217,214,214,211,209,210,211,214,214,215
Avera  ,248,245,241,237,236,232,230,230,225,225
Avondale Estates  ,"2,958","2,981","3,025","3,055","3,082","3,118","3,156","3,163","3,147","3,129"
Baconton  ,915,906,895,888,874,867,854,847,839,827
Bainbridge  ,"12,778","12,743","12,609","12,586","12,445","12,428","12,163","12,183","12,149","12,081"
Baldwin  ,"3,281","3,271","3,276","3,267","3,282","3,279","3,302","3,320","3,375","3,414"
Ball Ground  ,"1,510","1,525","1,544","1,559","1,734","1,799","1,983","2,112","2,183","2,195"
Barnesville  ,"6,725","6,705","6,546","6,475","6,647","6,599","6,649","6,545","6,734","6,659"
Bartow  ,284,279,274,269,267,263,259,259,255,250
Barwick  ,385,381,378,379,378,378,379,378,372,372
Baxley  ,"4,700","4,714","4,712","4,728","4,730","4,712","4,712","4,701","4,707","4,659"
Bellville  ,123,123,119,120,120,120,119,120,119,118
Berkeley Lake  ,"1,851","1,883","1,917","1,939","1,974","2,015","2,064","2,107","2,135","2,147"
Berlin  ,554,556,561,561,559,554,554,555,554,554
Bethlehem  ,616,616,619,628,644,665,684,698,711,725
Between  ,296,299,300,303,312,322,338,354,368,373
Bishop  ,222,223,226,230,235,243,251,260,268,274
Blackshear  ,"3,461","3,450","3,474","3,515","3,513","3,526","3,474","3,455","3,466","3,527"
Blairsville  ,618,566,565,568,554,546,568,604,618,643
Blakely  ,"5,047","4,937","4,849","4,806","4,757","4,749","4,655","4,658","4,634","4,571"
Bloomingdale  ,"2,642","2,680","2,699","2,692","2,716","2,726","2,742","2,732","2,718","2,686"
Blue Ridge  ,"1,352","1,344","1,340","1,349","1,349","1,373","1,408","1,421","1,455","1,461"
Bluffton  ,103,102,100,97,100,99,98,96,94,92
Blythe  ,725,722,728,724,719,718,715,713,712,711
Bogart  ,"1,143","1,148","1,151","1,155","1,144","1,151","1,172","1,196","1,215","1,206"
Boston  ,"1,316","1,311","1,315","1,322","1,325","1,325","1,333","1,317","1,312","1,317"
Bostwick  ,367,367,366,364,366,368,372,375,385,395
Bowdon  ,"2,041","2,037","2,037","2,046","2,045","2,057","2,081","2,091","2,100","2,100"
Bowersville  ,471,475,476,477,475,477,475,483,487,485
Bowman  ,859,849,836,830,824,819,812,810,806,808
Braselton  ,"7,610","7,757","7,885","8,044","8,728","9,470","10,252","10,898","11,605","12,961"
Braswell  ,375,375,375,381,377,383,382,383,382,383
Bremen  ,"6,235","6,233","6,183","6,180","6,209","6,259","6,297","6,430","6,546","6,638"
Brinson  ,215,212,211,210,208,207,205,205,203,202
Bronwood  ,416,407,399,395,390,388,381,374,369,367
Brookhaven  ,"49,688","50,147","50,942","51,479","51,990","52,693","53,148","53,630","54,029","55,554"
Brooklet  ,"1,389","1,430","1,413","1,393","1,414","1,449","1,513","1,609","1,705","1,815"
Brooks  ,526,526,527,531,538,541,549,553,555,559
Broxton  ,"1,190","1,184","1,192","1,193","1,189","1,194","1,191","1,193","1,191","1,196"
Brunswick  ,"15,311","15,366","15,482","15,619","15,695","15,882","15,997","16,194","16,323","16,256"
Buchanan  ,"1,109","1,091","1,147","1,146","1,138","1,149","1,132","1,161","1,173","1,176"
Buckhead  ,171,171,169,168,170,171,172,174,180,183
Buena Vista  ,"2,205","2,191","2,182","2,159","2,165","2,141","2,110","2,079","2,072","2,053"
Buford  ,"12,601","12,791","13,024","13,282","13,688","14,052","14,450","14,850","15,159","15,522"
Butler  ,"1,950","1,892","1,872","1,878","1,881","1,833","1,826","1,790","1,768","1,759"
Byromville  ,549,539,534,535,529,520,511,521,551,500
Byron  ,"4,577","4,650","4,735","4,800","4,967","5,127","5,105","5,097","5,164","5,226"
Cadwell  ,519,519,526,514,528,524,521,523,517,540
Cairo  ,"9,636","9,657","9,724","9,642","9,655","9,598","9,474","9,408","9,389","9,369"
Calhoun  ,"16,259","16,323","16,354","16,370","16,480","16,631","16,796","16,948","17,035","17,271"
Camak  ,142,139,135,134,132,130,128,126,126,126
Camilla  ,"5,303","5,271","5,198","5,179","5,156","5,109","5,251","5,195","5,061","5,012"
Canon  ,743,738,736,740,741,745,748,766,775,785
Canton  ,"23,604","23,972","24,283","24,621","25,264","25,991","26,711","28,329","29,264","30,528"
Carl  ,199,199,199,203,208,215,220,225,228,235
Carlton  ,254,251,250,251,250,247,250,255,258,260
Carnesville  ,594,599,589,588,591,594,593,621,602,601
Carrollton  ,"24,347","24,416","24,881","25,099","26,509","26,141","26,302","26,728","26,454","27,259"
Cartersville  ,"19,763","19,729","19,728","19,795","19,802","20,038","20,456","20,988","21,165","21,760"
Cave Spring  ,"1,157","1,153","1,126","1,096","1,106","1,101","1,081","1,061","1,060","1,070"
Cecil  ,283,280,278,280,283,278,279,280,279,283
Cedar  ,"9,798","9,818","9,763","9,658","9,636","9,713","9,962","10,107","10,197","9,997"
Centerville  ,"7,232","7,420","7,563","7,632","7,627","7,634","7,689","7,730","7,806","7,884"
Centralhatchee  ,384,378,375,372,373,371,368,375,378,377
Chamblee  ,"26,868","27,082","27,463","27,707","27,906","28,310","28,569","29,346","29,659","30,307"
Chatsworth  ,"4,290","4,270","4,261","4,219","4,219","4,267","4,172","4,285","4,303","4,290"
Chattahoochee Hills  ,"2,652","2,721","2,799","2,828","2,877","2,956","3,065","3,153","3,209","3,318"
Chauncey  ,342,341,339,337,334,332,330,330,327,326
Chester  ,"1,594","1,579","1,582","1,597","1,568","1,574","1,578","1,569","1,579","1,564"
Chickamauga  ,"3,235","3,249","3,262","3,272","3,266","3,252","3,248","3,262","3,260","3,256"
Clarkesville  ,"1,717","1,711","1,703","1,716","1,718","1,710","1,734","1,812","1,828","1,821"
Clarkston  ,"12,115","12,226","12,420","12,519","12,585","12,727","12,809","12,802","12,731","12,637"
Claxton  ,"2,381","2,357","2,288","2,308","2,302","2,261","2,238","2,248","2,223","2,204"
Clayton  ,"2,021","2,040","2,071","2,088","2,083","2,088","2,111","2,110","2,163","2,193"
Clermont  ,928,936,944,954,963,972,"1,001","1,001","1,006","1,039"
Cleveland  ,"3,471","3,533","3,654","3,654","3,693","3,732","3,819","3,882","3,961","4,165"
Climax  ,277,274,272,271,269,266,264,264,262,262
Cobb  ,364,364,362,365,364,362,361,362,358,357
Cochran  ,"5,083","5,003","4,851","4,782","4,783","4,893","4,970","4,867","4,873","4,993"
Cohutta  ,633,634,635,632,635,638,642,641,641,637
Colbert  ,573,572,571,572,573,575,582,589,596,598
College Park  ,"14,692","14,978","15,286","15,274","15,215","15,201","15,225","15,192","15,212","15,159"
Collins  ,584,582,579,584,580,578,577,576,572,571
Colquitt  ,"1,999","1,988","1,956","1,926","1,925","1,885","1,884","1,874","1,821","1,834"
Columbus  ,"191,101","195,271","198,965","203,225","200,563","198,702","196,219","193,836","194,169","195,769"
Comer  ,"1,129","1,123","1,119","1,123","1,127","1,129","1,144","1,159","1,170","1,178"
Commerce  ,"6,566","6,575","6,515","6,534","6,548","6,606","6,781","6,903","6,938","7,085"
Concord  ,375,372,369,370,369,372,370,370,380,384
Conyers  ,"15,286","15,338","15,386","15,570","15,674","15,839","15,898","15,971","15,997","16,256"
Coolidge  ,530,529,530,533,533,535,537,531,528,529
Cordele  ,"11,180","11,374","11,296","11,127","10,974","10,906","10,881","10,754","10,680","10,521"
Cornelia  ,"4,197","4,192","4,174","4,179","4,195","4,196","4,242","4,275","4,497","4,683"
Covington  ,"13,139","13,199","13,270","13,352","13,589","13,776","13,838","14,021","14,010","14,206"
Crawford  ,829,819,807,802,806,816,813,820,829,836
Crawfordville  ,530,530,519,524,524,508,498,497,496,473
Culloden  ,177,177,179,178,179,180,182,182,185,186
Cumming  ,"5,556","5,595","5,616","5,651","5,667","5,775","6,282","6,410","6,478","6,547"
Cusseta-Chattahoochee County unified government ,"11,182","11,257","12,265","12,245","11,696","11,042","10,047","10,205","10,600","10,907"
Cuthbert  ,"3,853","3,799","3,670","3,616","3,740","3,617","3,615","3,533","3,420","3,417"
Dacula  ,"4,459","4,544","4,611","4,667","4,933","5,285","5,595","6,147","6,249","6,350"
Dahlonega  ,"5,546","5,610","5,866","6,032","6,313","6,298","6,369","7,047","6,927","7,294"
Daisy  ,145,145,140,141,143,141,140,141,140,141
Dallas  ,"11,561","11,755","11,987","12,313","12,511","12,739","12,978","13,248","13,614","13,981"
Dalton  ,"33,145","33,248","33,208","33,116","33,223","33,409","33,667","33,581","33,537","33,665"
Damascus  ,248,244,241,236,234,235,232,230,229,224
Danielsville  ,565,564,562,564,567,568,576,585,592,594
Danville  ,237,233,227,225,221,221,217,216,213,212
Darien  ,"1,931","1,899","1,848","1,851","1,855","1,849","1,847","1,846","1,894","1,921"
Dasher  ,915,932,951,948,961,963,980,992,"1,003","1,015"
Davisboro  ,"1,993","1,964","1,998","1,789","1,761","1,985","1,701","1,730","1,944","1,958"
Dawson  ,"4,631","4,560","4,468","4,428","4,389","4,357","4,285","4,205","4,152","4,126"
Dawsonville  ,"2,440","2,386","2,362","2,524","2,560","2,590","2,697","2,809","3,085","3,246"
Dearing  ,547,542,542,540,539,540,537,537,539,532
Decatur  ,"19,701","19,929","20,133","20,451","20,697","21,942","22,890","23,813","25,658","25,696"
Deepstep  ,130,130,128,128,127,126,125,123,122,120
Demorest  ,"1,870","1,882","1,940","1,982","2,029","2,030","2,038","1,934","2,141","2,125"
Denton  ,251,251,251,249,247,249,245,248,248,248
De Soto  ,190,187,183,183,181,179,179,176,175,173
Dexter  ,574,566,566,566,565,562,560,562,561,562
Dillard  ,369,369,370,364,362,363,367,368,372,377
Doerun  ,775,773,776,775,766,755,752,748,742,736
Donalsonville  ,"2,664","2,735","2,759","2,750","2,668","2,635","2,607","2,537","2,549","2,466"
Dooling  ,153,151,148,148,147,145,141,140,139,136
Doraville  ,"9,706","9,774","9,902","9,977","10,055","10,186","10,249","10,232","10,249","10,265"
Douglas  ,"11,690","11,770","11,816","11,716","11,603","11,568","11,540","11,421","11,598","11,695"
Douglasville  ,"30,462","30,586","30,636","31,236","31,785","32,177","32,546","32,989","33,529","33,992"
Dublin  ,"16,170","16,081","16,050","16,054","15,895","15,910","15,768","15,821","15,768","15,881"
Dudley  ,574,567,568,566,565,563,561,563,561,561
Duluth  ,"26,747","27,299","27,812","28,265","28,675","29,022","29,310","29,467","29,509","29,609"
Dunwoody  ,"46,480","46,859","47,532","47,972","48,305","48,951","49,406","49,575","49,538","49,356"
Du Pont  ,119,119,118,119,120,121,119,118,117,117
East Dublin  ,"2,461","2,423","2,415","2,401","2,395","2,386","2,373","2,372","2,381","2,398"
East Ellijay  ,548,545,543,545,551,556,559,565,565,569
Eastman  ,"5,534","5,449","5,421","5,399","5,301","5,269","5,132","5,062","5,154","5,067"
East Point  ,"33,625","34,366","35,097","35,147","35,014","34,973","35,115","34,995","34,873","34,875"
Eatonton  ,"6,479","6,488","6,462","6,495","6,444","6,496","6,556","6,607","6,638","6,725"
Echols County consolidated government ,"4,015","4,064","3,967","3,993","4,032","4,030","3,956","3,914","4,000","4,006"
Edge Hill  ,24,24,24,24,23,23,23,24,23,23
Edison  ,"1,550","1,529","1,516","1,521","1,502","1,503","1,466","1,459","1,450","1,396"
Elberton  ,"4,570","4,491","4,462","4,448","4,440","4,406","4,364","4,334","4,333","4,329"
Ellaville  ,"1,822","1,829","1,823","1,846","1,880","1,883","1,864","1,878","1,868","1,867"
Ellenton  ,282,282,285,285,285,282,283,283,281,282
Ellijay  ,"1,621","1,617","1,619","1,637","1,643","1,668","1,679","1,701","1,703","1,714"
Emerson  ,"1,473","1,471","1,471","1,483","1,496","1,523","1,553","1,581","1,588","1,596"
Enigma  ,"1,337","1,337","1,312","1,318","1,302","1,314","1,315","1,324","1,341","1,350"
Ephesus  ,462,457,454,450,451,448,450,454,461,461
Eton  ,889,888,887,884,884,888,889,895,899,902
Euharlee  ,"4,141","4,139","4,143","4,174","4,189","4,232","4,272","4,315","4,359","4,367"
Fairburn  ,"13,158","13,464","13,758","13,773","13,763","14,039","14,307","15,543","15,872","16,768"
Fairmount  ,723,725,725,724,731,734,741,738,739,736
Fargo  ,320,317,317,321,320,321,318,314,314,316
Fayetteville  ,"16,205","16,235","16,227","16,346","16,688","16,922","17,441","17,794","17,773","17,991"
Fitzgerald  ,"9,136","9,115","9,120","9,031","9,031","8,975","8,905","8,785","8,726","8,662"
Flemington  ,725,755,758,739,749,717,713,713,711,717
Flovilla  ,646,636,629,626,632,629,634,642,646,660
Flowery Branch  ,"5,774","5,904","6,047","6,201","6,428","6,733","7,100","7,443","7,887","8,325"
Folkston  ,"4,818","5,484","5,443","5,264","5,245","5,323","4,853","4,700","4,662","5,037"
Forest Park  ,"18,464","18,560","18,796","18,684","18,801","19,185","19,590","19,783","20,049","20,020"
Forsyth  ,"3,873","3,979","3,978","4,015","4,003","4,011","4,051","4,071","4,121","4,130"
Fort Gaines  ,"1,108","1,099","1,075","1,043","1,058","1,057","1,029","1,007",983,963
Fort Oglethorpe  ,"9,320","9,449","9,452","9,483","9,570","9,665","9,801","9,871","10,060","9,994"
Fort Valley  ,"9,797","9,738","9,688","9,023","8,906","8,543","8,569","8,716","8,948","8,962"
Franklin  ,998,989,979,968,970,961,959,966,933,971
Franklin Springs  ,957,965,995,"1,066","1,122","1,137","1,110","1,156","1,187","1,192"
Funston  ,452,450,451,455,453,451,450,451,449,450
Gainesville  ,"34,057","34,374","34,691","35,257","36,006","36,849","38,214","40,366","41,350","43,232"
Garden   ,"8,687","8,819","8,877","8,855","8,917","8,946","8,965","8,898","8,814","8,713"
Garfield  ,209,208,207,208,205,205,204,204,201,201
Gay  ,88,87,84,84,84,84,83,83,81,81
Geneva  ,106,105,102,101,102,101,99,98,98,96
George-Quitman County unified government ,"2,512","2,453","2,406","2,367","2,285","2,275","2,320","2,333","2,260","2,299"
Gibson  ,662,666,666,654,642,643,635,644,634,631
Gillsville  ,226,228,229,231,233,238,239,238,240,240
Girard  ,154,155,152,150,149,150,149,149,148,148
Glennville  ,"5,169","5,179","5,202","5,180","5,094","5,059","5,085","5,096","5,099","5,020"
Glenwood  ,668,664,658,657,661,660,665,658,657,651
Good Hope  ,267,269,270,273,277,280,279,280,290,300
Gordon  ,"2,012","1,983","2,010","1,985","1,966","1,921","1,905","1,886","1,884","1,857"
Graham  ,292,292,293,294,295,293,293,293,293,290
Grantville  ,"3,068","3,081","3,104","3,141","3,148","3,193","3,218","3,231","3,274","3,296"
Gray  ,"3,286","3,294","3,266","3,274","3,282","3,261","3,261","3,221","3,256","3,274"
Grayson  ,"2,564","2,612","2,658","2,706","2,780","3,139","3,746","4,200","4,400","4,452"
Greensboro  ,"3,351","3,368","3,371","3,386","3,395","3,364","3,335","3,345","3,383","3,304"
Greenville  ,876,876,865,867,864,860,853,847,845,845
Griffin  ,"23,183","23,086","22,867","22,728","22,690","22,589","22,651","22,754","22,882","22,813"
Grove  ,"11,333","11,857","12,359","12,604","12,814","13,184","13,568","13,973","14,361","15,152"
Gumbranch  ,268,279,280,272,277,264,263,263,262,265
Guyton  ,"1,681","1,677","1,687","1,701","1,751","1,843","1,881","1,944","2,073","2,226"
Hagan  ,991,988,968,974,973,958,968,976,971,965
Hahira  ,"2,762","2,774","2,837","2,835","2,869","2,893","2,926","2,957","2,992","3,029"
Hamilton  ,"1,021","1,026","1,028","1,009","1,053","1,057","1,077","1,110","1,132","1,117"
Hampton  ,"7,011","7,075","7,112","7,161","7,356","7,426","7,590","7,704","7,895","8,073"
Hapeville  ,"6,401","6,533","6,662","6,659","6,622","6,598","6,601","6,574","6,536","6,534"
Haralson  ,163,167,167,169,169,171,184,187,193,192
Harlem  ,"2,676","2,755","2,787","2,843","2,881","2,940","2,994","3,140","3,261","3,371"
Harrison  ,487,482,476,474,471,467,459,453,447,442
Hartwell  ,"4,370","4,387","4,369","4,364","4,345","4,341","4,330","4,334","4,355","4,437"
Hawkinsville  ,"5,636","5,561","5,537","5,477","5,438","5,379","5,323","5,275","5,217","5,270"
Hazlehurst  ,"4,241","4,243","4,257","4,202","4,156","4,167","4,145","4,149","4,144","4,137"
Helen  ,513,516,517,521,522,528,534,543,549,560
Hephzibah  ,"4,042","4,026","4,052","4,035","4,015","3,996","3,984","3,968","3,955","3,944"
Hiawassee  ,865,867,861,875,885,883,891,891,900,911
Higgston  ,318,314,311,309,310,307,310,311,311,312
Hiltonia  ,339,334,331,331,327,327,325,325,326,324
Hinesville  ,"32,962","34,286","34,479","33,805","34,381","32,963","33,066","33,003","32,737","33,273"
Hiram  ,"3,582","3,599","3,623","3,671","3,717","3,798","3,888","3,995","4,111","4,223"
Hoboken  ,532,533,530,522,523,525,522,533,533,536
Hogansville  ,"3,037","3,048","3,063","3,071","3,088","3,104","3,119","3,126","3,117","3,128"
Holly Springs  ,"9,358","9,533","9,743","9,868","10,318","10,786","11,364","11,987","12,915","15,442"
Homeland  ,923,914,903,897,891,903,910,920,930,941
Homer  ,"1,157","1,139","1,133","1,135","1,132","1,140","1,133","1,146","1,173","1,220"
Homerville  ,"2,443","2,426","2,411","2,421","2,429","2,450","2,413","2,375","2,346","2,350"
Hoschton  ,"1,384","1,396","1,392","1,399","1,411","1,424","1,489","1,669","1,916","2,180"
Hull  ,196,195,195,195,195,193,195,198,200,201
Ideal  ,495,486,480,473,467,460,456,446,444,439
Ila  ,337,337,336,337,338,340,345,350,354,359
Iron   ,311,309,312,312,303,303,298,292,292,289
Irwinton  ,586,580,583,577,573,554,562,553,554,555
Ivey  ,982,972,978,967,957,937,930,922,923,914
Jackson  ,"5,072","5,037","4,939","4,781","4,890","4,921","5,002","5,081","5,079","5,239"
Jacksonville  ,140,137,136,135,133,134,133,132,133,133
Jakin  ,155,153,151,149,148,148,148,148,147,146
Jasper  ,"3,673","3,663","3,644","3,655","3,679","3,708","3,763","3,850","3,937","3,974"
Jefferson  ,"9,535","9,574","9,672","9,731","9,887","10,190","10,487","11,205","11,711","12,032"
Jeffersonville  ,"1,027","1,013",980,973,959,954,944,944,933,939
Jenkinsburg  ,370,366,361,357,360,359,362,368,368,376
Jersey  ,137,138,139,140,140,140,143,143,146,146
Jesup  ,"10,196","10,245","10,231","10,158","10,158","9,431","9,964","9,730","9,804","9,841"
Johns Creek  ,"77,090","79,218","81,852","82,455","82,743","82,980","83,930","84,282","84,320","84,579"
Jonesboro  ,"4,689","4,719","4,551","4,550","4,568","4,679","4,666","4,705","4,866","4,962"
Junction   ,177,176,170,168,167,169,165,162,164,161
Kennesaw  ,"30,662","30,945","31,541","32,359","32,672","33,583","33,845","34,178","34,108","34,077"
Keysville  ,343,345,336,335,331,320,319,319,324,332
Kingsland  ,"15,880","15,790","16,175","16,151","16,309","16,398","16,638","17,009","17,436","17,949"
Kingston  ,639,639,641,647,648,648,650,655,653,679
Kite  ,241,240,240,237,233,231,228,230,229,227
LaFayette  ,"7,127","7,094","7,108","7,074","7,176","7,180","7,163","7,225","7,287","7,339"
LaGrange  ,"29,416","29,688","30,066","30,147","30,296","30,401","30,519","30,463","30,267","30,305"
Lake   ,"2,606","2,626","2,642","2,644","2,664","2,707","2,772","2,798","2,825","2,829"
Lakeland  ,"3,370","3,434","3,415","3,380","3,323","3,287","3,278","3,262","3,256","3,282"
Lake Park  ,736,739,745,734,734,730,724,880,"1,055","1,207"
Lavonia  ,"2,162","2,147","2,134","2,134","2,137","2,138","2,137","2,178","2,179","2,200"
Lawrenceville  ,"27,297","27,670","28,041","28,423","28,713","29,079","29,419","29,650","29,685","30,834"
Leary  ,625,613,608,608,598,600,587,582,577,559
Leesburg  ,"2,902","2,912","2,932","2,962","2,969","2,971","2,977","2,999","3,027","3,055"
Lenox  ,875,864,857,860,868,854,855,856,848,850
Leslie  ,408,402,395,396,389,384,381,374,374,371
Lexington  ,229,226,222,220,223,225,224,225,228,228
Lilburn  ,"11,690","11,933","12,160","12,314","12,423","12,525","12,610","12,651","12,643","12,810"
Lilly  ,220,217,214,212,211,208,205,203,202,197
Lincolnton  ,"1,557","1,532","1,505","1,486","1,470","1,464","1,496","1,499","1,499","1,503"
Lithonia  ,"1,987","2,004","2,033","2,053","2,061","2,081","2,094","2,089","2,347","2,331"
Locust Grove  ,"5,821","5,864","6,053","6,095","6,142","6,222","6,399","6,672","7,178","8,243"
Loganville  ,"10,429","10,540","10,621","10,768","10,944","11,167","11,569","11,962","12,467","12,880"
Lone Oak  ,91,90,89,89,90,89,90,89,89,91
Lookout Mountain  ,"1,599","1,593","1,586","1,587","1,581","1,569","1,565","1,571","1,572","1,574"
Louisville  ,"2,490","2,476","2,394","2,446","2,339","2,336","2,341","2,244","2,181","2,215"
Lovejoy  ,"5,595","5,635","5,704","5,676","5,724","5,840","5,993","6,058","6,167","6,840"
Ludowici  ,"1,728","1,784","1,886","1,943","2,008","2,075","2,155","2,197","2,230","2,283"
Lula  ,"2,776","2,798","2,818","2,843","2,859","2,877","2,893","2,885","2,928","2,961"
Lumber   ,"1,323","1,291","1,278","1,274","1,249","1,260","1,272","1,251","1,263","1,257"
Lumpkin  ,"1,124","1,103","1,102","1,115","1,125","1,143","1,181","1,226","1,233","1,266"
Luthersville  ,871,861,850,843,840,838,834,832,832,831
Lyerly  ,528,523,521,517,515,519,518,516,517,514
Lyons  ,"4,369","4,364","4,350","4,352","4,338","4,326","4,318","4,259","4,263","4,233"
McCaysville  ,"1,101","1,097","1,093","1,103","1,103","1,129","1,153","1,166","1,194","1,204"
McDonough  ,"22,166","22,423","22,436","22,683","22,893","23,276","23,843","24,704","25,748","26,768"
McIntyre  ,647,639,643,636,629,615,611,608,611,605
Macon-Bibb County ,"155,814","156,211","156,606","155,031","154,329","153,945","153,152","152,840","152,903","153,159"
McRae-Helena  ,"8,579","8,467","8,620","8,924","8,823","8,749","8,277","8,366","8,375","8,277"
Madison  ,"3,986","3,981","3,954","3,924","3,973","3,982","4,020","4,073","4,150","4,210"
Manassas  ,87,87,87,88,87,87,87,85,87,85
Manchester  ,"4,229","4,177","4,118","4,088","4,080","4,064","4,028","3,997","3,985","3,970"
Mansfield  ,402,403,402,407,411,416,424,428,434,442
Marietta  ,"56,708","57,348","58,167","58,819","59,547","59,845","60,679","60,679","60,647","60,867"
Marshallville  ,"1,436","1,413","1,394","1,355","1,341","1,321","1,294","1,267","1,250","1,227"
Martin  ,373,369,368,366,366,367,374,377,381,383
Maxeys  ,224,221,217,215,218,220,219,220,224,225
Maysville  ,"1,839","1,832","1,822","1,836","1,846","1,876","1,899","1,962","2,035","2,103"
Meansville  ,210,208,208,206,206,208,204,205,211,214
Meigs  ,"1,037","1,032","1,033","1,038","1,040","1,041","1,044","1,033","1,028","1,031"
Menlo  ,473,467,466,461,459,462,461,460,459,456
Metter  ,"4,086","4,153","4,101","4,036","4,001","3,996","3,974","3,924","3,956","3,942"
Midville  ,269,270,265,262,261,260,259,257,256,254
Midway  ,"2,089","2,134","2,139","2,056","2,106","2,015","2,007","2,002","2,008","2,061"
Milan  ,700,691,733,728,773,771,711,706,661,657
Milledgeville  ,"18,338","18,118","19,441","19,187","19,124","18,880","18,841","18,616","18,626","18,704"
Millen  ,"3,113","3,035","2,997","3,003","2,935","2,874","2,839","2,826","2,783","2,766"
Milner  ,621,615,614,609,614,615,629,642,651,654
Milton  ,"33,026","33,957","35,004","35,953","36,684","37,568","38,486","38,879","39,217","39,587"
Mitchell  ,198,200,200,197,194,194,191,194,190,189
Molena  ,385,382,382,385,382,386,382,389,388,400
Monroe  ,"12,907","12,968","12,977","13,065","13,201","13,211","13,291","13,387","13,503","13,673"
Montezuma  ,"3,436","3,390","3,338","3,244","3,214","3,170","3,110","3,057","3,016","2,952"
Monticello  ,"2,685","2,673","2,633","2,625","2,609","2,633","2,643","2,665","2,691","2,719"
Montrose  ,215,212,212,211,210,209,211,211,210,212
Moreland  ,431,433,435,438,443,446,445,445,445,444
Morgan  ,"1,861","1,858","1,839","1,858","1,834","1,852","1,788","1,846","1,845","1,835"
Morganton  ,292,292,293,293,295,302,310,312,322,323
Morrow  ,"6,102","6,311","6,335","6,192","6,633","6,783","6,726","7,058","7,095","7,192"
Morven  ,566,556,544,545,542,546,549,550,547,549
Moultrie  ,"14,318","14,349","14,375","14,345","14,227","14,037","14,004","14,006","14,063","14,211"
Mountain   ,"1,082","1,081","1,076","1,063","1,057","1,057","1,069","1,072","1,089","1,108"
Mountain Park  ,549,561,572,575,575,576,575,572,570,568
Mount Airy  ,"1,237","1,234","1,228","1,228","1,233","1,236","1,244","1,250","1,259","1,265"
Mount Vernon  ,"2,295","2,248","2,161","2,237","2,288","2,271","2,283","2,292","2,370","2,371"
Mount Zion  ,"1,707","1,708","1,712","1,725","1,727","1,743","1,774","1,790","1,806","1,813"
Nahunta  ,"1,051","1,081","1,063","1,034","1,039","1,040","1,031","1,056","1,104","1,141"
Nashville  ,"4,965","4,979","5,013","4,866","4,787","4,827","4,812","4,833","4,819","4,851"
Nelson  ,"1,317","1,316","1,317","1,322","1,334","1,339","1,355","1,371","1,378","1,377"
Newborn  ,696,698,701,709,718,728,742,750,765,783
Newington  ,275,273,269,269,267,266,265,265,264,262
Newnan  ,"33,050","33,440","33,767","34,423","35,697","36,787","37,992","38,922","39,828","41,581"
Newton  ,657,634,643,639,627,609,606,600,584,575
Nicholls  ,"3,118","3,452","3,337","3,318","3,317","3,339","3,332","3,336","3,339","3,333"
Nicholson  ,"1,719","1,722","1,714","1,725","1,737","1,757","1,775","1,808","1,847","1,869"
Norcross  ,"15,008","15,264","15,496","15,766","15,963","16,230","16,459","16,574","16,563","16,592"
Norman Park  ,967,968,969,975,969,962,963,964,962,962
North High Shoals  ,599,607,612,615,622,637,661,676,705,721
Norwood  ,243,239,233,232,230,226,225,223,222,222
Nunez  ,147,146,146,146,146,146,145,145,145,145
Oak Park  ,480,477,476,477,478,478,473,472,471,470
Oakwood  ,"3,947","3,989","4,020","4,055","4,082","4,104","4,155","4,149","4,165","4,156"
Ochlocknee  ,676,674,677,681,683,684,687,680,676,680
Ocilla  ,"3,514","3,605","3,558","3,482","3,311","3,377","3,592","3,661","3,627","3,732"
Oconee  ,249,258,251,249,248,246,248,241,244,243
Odum  ,504,508,508,500,499,505,504,504,502,503
Offerman  ,439,436,439,438,439,439,438,440,444,441
Oglethorpe  ,"1,330","1,312","1,285","1,253","1,236","1,226","1,202","1,178","1,165","1,156"
Oliver  ,239,237,233,234,230,230,230,230,230,230
Omega  ,"1,222","1,252","1,248","1,227","1,229","1,235","1,235","1,226","1,235","1,230"
Orchard Hill  ,213,215,214,215,215,217,220,224,227,232
Oxford  ,"2,129","2,131","2,144","2,184","2,244","2,212","2,193","2,230","2,312","2,346"
Palmetto  ,"4,494","4,589","4,676","4,741","4,665","4,663","4,674","4,697","4,714","4,851"
Parrott  ,158,156,151,149,148,145,143,140,139,136
Patterson  ,733,730,736,738,737,740,744,748,756,755
Pavo  ,625,621,617,616,613,614,615,608,604,604
Peachtree   ,"34,495","34,536","34,576","34,738","34,869","35,000","34,994","35,280","35,697","36,223"
Peachtree Corners  ,"38,142","38,817","39,493","40,262","41,099","41,882","42,627","43,186","43,507","43,905"
Pearson  ,"2,109","2,106","2,079","2,075","2,065","2,090","2,066","2,050","2,068","2,042"
Pelham  ,"3,908","3,878","3,843","3,850","3,730","3,636","3,587","3,550","3,504","3,466"
Pembroke  ,"2,150","2,201","2,229","2,272","2,302","2,352","2,417","2,492","2,536","2,626"
Pendergrass  ,452,452,450,453,454,471,491,512,536,562
Perry  ,"13,818","14,239","14,585","14,798","14,992","15,322","16,062","16,602","17,333","17,894"
Pinehurst  ,448,434,413,361,349,339,332,355,348,355
Pine Lake  ,730,737,745,750,754,760,765,764,759,754
Pine Mountain  ,"1,304","1,309","1,319","1,317","1,327","1,340","1,358","1,370","1,394","1,417"
Pineview  ,519,510,494,489,485,515,505,506,507,489
Pitts  ,314,313,305,305,302,301,300,296,297,293
Plains  ,768,759,751,756,750,733,728,718,716,716
Plainville  ,308,310,311,311,308,313,316,316,318,318
Pooler  ,"18,616","19,320","19,987","20,588","21,643","22,571","23,280","23,638","24,044","25,694"
Portal  ,636,655,650,630,636,637,652,667,679,692
Porterdale  ,"1,429","1,428","1,431","1,444","1,456","1,466","1,478","1,479","1,476","1,478"
Port Wentworth  ,"5,428","5,789","6,111","6,540","7,082","7,649","7,965","8,495","8,518","9,641"
Poulan  ,957,943,938,922,917,900,899,890,878,870
Powder Springs  ,"13,964","14,120","14,237","14,385","14,531","14,753","14,953","14,986","15,346","15,758"
Pulaski  ,257,260,264,269,267,266,263,260,274,263
Quitman  ,"3,920","3,854","3,762","3,767","3,732","3,827","3,834","3,731","3,687","3,652"
Ranger  ,131,132,132,132,132,133,134,134,134,136
Ray   ,"1,103","1,098","1,074","1,075","1,060","1,069","1,066","1,070","1,084","1,094"
Rayle  ,199,196,194,190,190,188,186,187,187,185
Rebecca  ,186,187,176,169,166,163,164,164,164,165
Register  ,176,180,180,175,175,174,179,183,186,189
Reidsville  ,"2,623","2,620","2,653","2,674","2,642","2,651","2,650","2,667","2,671","2,645"
Remerton  ,"1,129","1,128","1,140","1,121","1,122","1,113","1,108","1,103","1,093","1,079"
Rentz  ,295,291,290,289,289,287,286,286,285,285
Resaca  ,769,772,775,779,777,783,793,795,802,803
Rest Haven  ,58,58,60,60,61,61,62,63,63,63
Reynolds  ,"1,067","1,038","1,026","1,019","1,012",992,993,982,964,960
Rhine  ,394,393,391,389,385,384,380,380,378,375
Riceboro  ,788,820,820,798,812,775,771,772,770,778
Richland  ,"1,465","1,440","1,436","1,455","1,467","1,489","1,534","1,589","1,603","1,643"
Richmond Hill  ,"9,465","9,835","10,528","10,868","11,162","11,779","12,170","12,580","13,180","13,839"
Riddleville  ,96,95,94,93,93,93,91,90,89,88
Rincon  ,"9,001","9,085","9,258","9,573","9,651","9,806","9,858","9,921","10,112","10,361"
Ringgold  ,"3,489","3,504","3,510","3,524","3,537","3,550","3,571","3,576","3,613","3,630"
Riverdale  ,"14,274","14,355","14,540","14,473","14,575","14,853","15,171","15,339","15,542","15,594"
Roberta  ,"1,003","1,001",999,991,984,977,971,967,968,973
Rochelle  ,"1,173","1,168","1,139","1,137","1,128","1,126","1,123","1,111","1,114","1,103"
Rockmart  ,"4,216","4,167","4,143","4,147","4,238","4,266","4,265","4,266","4,319","4,433"
Rocky Ford  ,143,142,140,140,139,138,138,137,138,137
Rome  ,"36,441","36,324","36,123","35,885","35,912","35,901","36,053","36,369","36,604","36,716"
Roopville  ,218,219,219,218,219,221,224,225,226,229
Rossville  ,"4,102","4,081","4,053","4,043","4,020","3,991","3,977","3,985","4,020","4,009"
Roswell  ,"88,794","90,902","93,210","93,661","93,597","93,827","94,549","94,699","94,665","94,763"
Royston  ,"2,572","2,562","2,547","2,558","2,551","2,548","2,538","2,572","2,565","2,571"
Rutledge  ,782,782,779,773,782,782,789,801,822,842
St. Marys  ,"17,272","17,141","17,485","17,570","17,752","17,770","17,868","18,028","18,170","18,567"
Sale   ,380,377,369,367,362,357,352,350,347,344
Sandersville  ,"5,901","5,860","5,795","5,763","5,712","5,678","5,607","5,581","5,469","5,399"
Sandy Springs  ,"94,275","96,677","98,882","99,377","101,371","104,789","105,578","106,634","108,846","109,452"
Santa Claus  ,165,165,164,163,162,162,162,160,160,159
Sardis  ,999,"1,006",988,980,970,971,971,969,964,960
Sasser  ,292,285,279,277,272,271,265,260,256,255
Savannah  ,"137,412","140,414","142,327","142,600","143,883","145,160","145,818","145,804","145,817","144,464"
Scotland  ,360,352,348,344,340,342,342,336,339,337
Screven  ,765,771,772,763,758,769,768,772,769,771
Senoia  ,"3,387","3,505","3,608","3,763","3,969","4,092","4,160","4,242","4,344","4,412"
Shady Dale  ,249,246,239,237,237,236,235,235,235,236
Sharon  ,139,139,136,138,138,134,131,133,132,126
Sharpsburg  ,354,356,355,359,359,360,362,360,363,361
Shellman  ,"1,076","1,061","1,023","1,008","1,004",990,991,960,945,933
Shiloh  ,442,444,448,447,450,457,464,467,477,486
Siloam  ,282,282,283,285,285,283,281,282,282,277
Sky Valley  ,270,268,267,264,262,263,266,266,268,273
Smithville  ,603,605,609,613,616,615,619,622,630,636
Smyrna  ,"51,140","51,636","52,322","53,074","54,419","55,583","56,246","56,285","56,512","56,666"
Snellville  ,"18,322","18,622","18,889","19,102","19,271","19,549","19,655","19,717","19,895","20,077"
Social Circle  ,"4,210","4,235","4,248","4,294","4,338","4,359","4,398","4,447","4,516","4,544"
Soperton  ,"3,126","3,110","3,100","3,002","3,085","3,078","3,004","3,049","3,101","3,148"
South Fulton  ,"86,142","88,696","91,019","91,757","92,494","93,516","95,264","96,078","97,278","99,155"
Sparks  ,"2,043","2,018","2,002","2,012","2,041","2,009","2,011","2,016","2,006","2,013"
Sparta  ,"1,391","1,360","1,344","1,337","1,284","1,286","1,267","1,249","1,235","1,230"
Springfield  ,"2,809","2,831","2,790","2,781","2,764","2,871","3,959","3,963","4,050","4,084"
Stapleton  ,436,429,421,416,410,404,399,398,396,393
Statesboro  ,"28,453","29,197","29,886","29,835","30,306","30,560","31,032","31,312","31,647","32,954"
Statham  ,"2,499","2,502","2,518","2,538","2,558","2,589","2,621","2,681","2,747","2,839"
Stillmore  ,529,526,525,526,526,524,521,520,519,518
Stockbridge  ,"26,597","26,838","26,975","27,236","27,632","28,092","28,662","29,140","29,585","29,904"
Stonecrest  ,"50,256","50,726","51,537","52,084","52,607","53,327","54,037","54,278","54,424","54,903"
Stone Mountain  ,"5,841","5,893","5,984","6,030","6,059","6,126","6,346","6,338","6,308","6,281"
Sugar Hill  ,"18,588","19,094","19,549","20,053","20,680","21,592","22,168","23,046","24,075","24,617"
Summer  ,160,159,159,159,159,159,156,158,158,158
Summerville  ,"4,503","4,427","4,437","4,376","4,369","4,417","4,325","4,290","4,285","4,243"
Sumner  ,447,443,439,433,434,427,427,428,426,424
Sunny Side  ,132,131,132,132,132,132,135,136,138,140
Surrency  ,201,202,202,203,203,203,203,202,204,202
Suwanee  ,"15,407","15,736","16,136","17,541","18,003","18,528","19,352","19,491","20,558","20,907"
Swainsboro  ,"7,243","7,207","7,486","7,380","7,287","7,284","7,285","7,429","7,419","7,542"
Sycamore  ,724,753,710,679,666,664,652,658,658,664
Sylvania  ,"2,593","2,569","2,529","2,517","2,491","2,480","2,466","2,452","2,447","2,463"
Sylvester  ,"6,186","6,205","6,136","6,057","6,051","5,964","5,951","5,869","5,747","5,776"
Talbotton  ,955,951,921,910,908,902,871,855,861,848
Talking Rock  ,65,65,65,65,65,66,67,70,71,71
Tallapoosa  ,"3,173","3,131","3,102","3,100","3,116","3,135","3,139","3,165","3,173","3,185"
Tallulah Falls  ,170,169,169,168,169,169,171,171,172,171
Talmo  ,230,231,227,229,233,238,240,246,251,257
Tarry  ,87,86,85,85,85,84,84,84,85,85
Taylorsville  ,213,213,213,214,214,215,218,219,221,224
Temple  ,"4,349","4,346","4,352","4,384","4,384","4,433","4,503","4,527","4,563","4,795"
Tennille  ,"1,537","1,531","1,514","1,587","1,676","1,757","1,829","1,914","2,013","2,123"
Thomaston  ,"9,127","9,126","9,005","8,934","8,830","8,827","8,809","8,761","8,716","8,752"
Thomasville  ,"18,571","18,483","18,343","18,486","18,541","18,525","18,556","18,567","18,508","18,518"
Thomson  ,"6,773","6,716","6,696","6,628","6,622","6,607","6,596","6,619","6,617","6,528"
Thunderbolt  ,"2,527","2,584","2,585","2,586","2,604","2,614","2,684","2,665","2,658","2,623"
Tifton  ,"16,430","16,760","16,644","16,298","16,550","16,529","16,567","16,652","16,685","16,838"
Tiger  ,402,402,401,396,393,395,399,401,407,415
Tignall  ,541,532,524,512,512,510,504,505,501,496
Toccoa  ,"8,560","8,434","8,414","8,351","8,281","8,269","8,302","8,311","8,316","8,336"
Toomsboro  ,468,462,455,447,444,437,432,428,491,486
Trenton  ,"2,296","2,210","2,204","2,153","2,171","2,133","2,155","2,154","2,147","2,151"
Trion  ,"1,822","1,797","1,789","1,771","1,757","1,764","1,758","1,747","1,744","1,893"
Tucker  ,"33,411","33,714","34,243","34,601","34,934","35,405","35,869","36,024","36,148","36,395"
Tunnel Hill  ,898,899,898,897,899,903,910,907,907,910
Turin  ,249,264,268,291,336,343,343,344,346,347
Twin   ,"1,751","1,749","1,736","1,711","1,666","1,675","1,700","1,705","1,769","1,701"
Tybee Island  ,"2,988","3,034","3,029","3,024","3,063","3,085","3,105","3,115","3,108","3,063"
Tyrone  ,"6,910","6,947","6,972","7,026","7,083","7,136","7,172","7,278","7,369","7,506"
Ty Ty  ,734,753,748,736,738,740,739,735,738,737
Unadilla  ,"3,781","3,731","3,704","3,718","3,682","3,657","3,634","3,522","3,592","3,525"
Union   ,"19,421","19,863","20,292","20,303","20,248","20,620","20,861","21,236","21,868","22,399"
Union Point  ,"1,617","1,623","1,626","1,640","1,659","1,686","1,719","1,755","1,815","1,899"
Uvalda  ,594,586,580,580,578,573,575,578,584,582
Valdosta  ,"54,977","55,787","57,156","56,088","56,309","55,818","55,846","56,054","56,428","56,457"
Varnell  ,"2,087","2,092","2,096","2,093","2,103","2,116","2,132","2,131","2,133","2,139"
Vernonburg  ,118,120,121,121,122,125,125,125,123,124
Vidalia  ,"10,441","10,428","10,492","10,512","10,504","10,516","10,502","10,414","10,397","10,402"
Vidette  ,112,113,110,109,108,108,107,106,107,107
Vienna  ,"3,991","3,924","3,866","3,863","3,834","3,765","3,709","3,671","3,639","3,549"
Villa Rica  ,"14,071","14,109","14,277","14,444","14,713","14,903","15,112","15,306","15,537","16,058"
Waco  ,517,510,504,505,508,511,513,519,521,524
Wadley  ,"2,051","2,033","2,000","1,977","1,966","1,938","1,918","1,910","1,891","1,858"
Waleska  ,649,656,678,698,873,880,879,891,963,964
Walnut Grove  ,"1,293","1,302","1,305","1,319","1,335","1,339","1,346","1,353","1,359","1,357"
Walthourville  ,"4,138","4,309","4,317","4,210","4,275","4,086","4,075","4,076","4,067","4,115"
Warm Springs  ,426,421,417,418,415,411,407,406,408,405
Warner Robins  ,"70,047","71,523","72,522","73,253","73,859","73,991","74,950","75,394","76,365","77,617"
Warrenton  ,"1,921","1,883","1,836","1,826","1,803","1,773","1,762","1,728","1,719","1,720"
Warwick  ,417,412,408,402,401,397,397,394,390,386
Washington  ,"4,125","4,053","3,996","3,968","3,992","3,971","3,942","3,969","3,996","3,963"
Watkinsville  ,"2,849","2,887","2,883","2,891","2,849","2,857","2,864","2,903","2,937","2,936"
Waverly Hall  ,738,735,736,734,736,751,756,755,749,807
Waycross  ,"14,581","14,467","14,250","14,117","14,026","13,867","13,865","13,739","13,543","13,480"
Waynesboro  ,"5,890","5,905","5,776","5,698","5,613","5,597","5,559","5,497","5,420","5,363"
Webster County unified government ,"2,781","2,764","2,765","2,669","2,611","2,631","2,616","2,589","2,606","2,607"
West Point  ,"3,460","3,481","3,543","3,675","3,756","3,708","3,753","3,749","3,740","3,737"
Whigham  ,471,472,474,454,473,470,470,470,538,464
White  ,672,668,666,673,671,719,723,727,725,725
White Plains  ,287,290,290,294,296,300,308,315,327,342
Whitesburg  ,591,589,590,592,591,596,605,611,612,611
Willacoochee  ,"1,387","1,387","1,367","1,367","1,357","1,381","1,365","1,354","1,369","1,354"
Williamson  ,490,487,484,486,485,488,488,496,508,514
Winder  ,"14,448","14,502","14,483","14,782","15,009","15,254","15,606","16,191","17,043","17,937"
Winterville  ,"1,135","1,135","1,140","1,154","1,160","1,177","1,206","1,225","1,229","1,237"
Woodbine  ,"1,404","1,385","1,350","1,355","1,321","1,289","1,326","1,322","1,348","1,352"
Woodbury  ,957,945,931,924,922,916,910,904,903,902
Woodland  ,402,401,386,381,378,375,367,360,361,353
Woodstock  ,"23,918","24,435","24,924","26,604","27,563","29,529","30,877","31,610","32,235","33,039"
Woodville  ,322,321,324,325,329,336,343,352,364,382
Woolsey  ,159,159,159,159,162,162,162,165,164,167
Wrens  ,"2,175","2,150","2,108","2,076","2,056","2,023","2,004","1,994","1,965","1,939"
Wrightsville  ,"3,756","3,755","3,750","3,735","3,700","3,667","3,655","3,669","3,633","3,618"
Yatesville  ,371,366,362,358,355,355,361,361,358,360
Young Harris  ,909,929,993,"1,077","1,224","1,368","1,468","1,583","1,654","1,661"
Zebulon  ,"1,176","1,156","1,156","1,157","1,140","1,151","1,160","1,180","1,203","1,228"